{
    "liu_zi_yang": {
        "com.kugou.android.xlsx": [
            0,
            0,
            1,
            1,
            0,
            0,
            1,
            1,
            2
        ],
        "com.kugou.android.xlsx_proportions": {
            "0": 0.4444444444444444,
            "1": 0.4444444444444444,
            "2": 0.1111111111111111
        },
        "com.sina.weibo.xlsx": [
            0,
            1,
            0,
            0,
            2,
            0,
            1,
            0,
            1,
            2,
            0
        ],
        "com.sina.weibo.xlsx_proportions": {
            "0": 0.5454545454545454,
            "1": 0.2727272727272727,
            "2": 0.18181818181818182
        },
        "com.tencent.mtt.xlsx": [
            2,
            2,
            2,
            2,
            2,
            0,
            1,
            2,
            1,
            0,
            2
        ],
        "com.tencent.mtt.xlsx_proportions": {
            "0": 0.18181818181818182,
            "1": 0.18181818181818182,
            "2": 0.6363636363636364
        },
        "com.tencent.qqlive.xlsx": [
            0,
            1,
            0,
            2,
            0,
            0,
            0,
            1,
            2,
            0,
            2,
            0,
            0,
            1
        ],
        "com.tencent.qqlive.xlsx_proportions": {
            "0": 0.5714285714285714,
            "1": 0.21428571428571427,
            "2": 0.21428571428571427
        },
        "tv.danmaku.bili.xlsx": [
            1,
            2,
            0,
            2,
            2,
            1,
            0,
            0,
            0,
            1,
            1,
            2,
            0,
            2,
            1,
            0,
            0,
            0,
            1,
            2,
            1,
            2,
            2,
            2,
            2,
            0,
            2,
            2,
            2,
            2,
            2,
            1,
            2,
            1,
            0,
            0,
            2,
            2,
            0,
            2,
            2
        ],
        "tv.danmaku.bili.xlsx_proportions": {
            "0": 0.2926829268292683,
            "1": 0.21951219512195122,
            "2": 0.4878048780487805
        },
        "total_result": [
            0,
            0,
            1,
            1,
            0,
            0,
            1,
            1,
            2,
            0,
            1,
            0,
            0,
            2,
            0,
            1,
            0,
            1,
            2,
            0,
            2,
            2,
            2,
            2,
            2,
            0,
            1,
            2,
            1,
            0,
            2,
            0,
            1,
            0,
            2,
            0,
            0,
            0,
            1,
            2,
            0,
            2,
            0,
            0,
            1,
            1,
            2,
            0,
            2,
            2,
            1,
            0,
            0,
            0,
            1,
            1,
            2,
            0,
            2,
            1,
            0,
            0,
            0,
            1,
            2,
            1,
            2,
            2,
            2,
            2,
            0,
            2,
            2,
            2,
            2,
            2,
            1,
            2,
            1,
            0,
            0,
            2,
            2,
            0,
            2,
            2
        ],
        "proportions": {
            "0": 0.37209302325581395,
            "1": 0.2441860465116279,
            "2": 0.38372093023255816
        }
    },
    "zhang_ling_sen": {
        "com.kugou.android.xlsx": [
            0,
            0,
            2,
            1,
            0,
            0,
            2,
            2,
            2
        ],
        "com.kugou.android.xlsx_proportions": {
            "0": 0.4444444444444444,
            "1": 0.1111111111111111,
            "2": 0.4444444444444444
        },
        "com.sina.weibo.xlsx": [
            0,
            1,
            0,
            0,
            2,
            0,
            2,
            2,
            2,
            2,
            2
        ],
        "com.sina.weibo.xlsx_proportions": {
            "0": 0.36363636363636365,
            "1": 0.09090909090909091,
            "2": 0.5454545454545454
        },
        "com.tencent.mtt.xlsx": [
            2,
            2,
            2,
            2,
            1,
            0,
            1,
            2,
            2,
            0,
            2
        ],
        "com.tencent.mtt.xlsx_proportions": {
            "0": 0.18181818181818182,
            "1": 0.18181818181818182,
            "2": 0.6363636363636364
        },
        "com.tencent.qqlive.xlsx": [
            1,
            1,
            0,
            1,
            0,
            0,
            0,
            2,
            2,
            0,
            2,
            1,
            0,
            1
        ],
        "com.tencent.qqlive.xlsx_proportions": {
            "0": 0.42857142857142855,
            "1": 0.35714285714285715,
            "2": 0.21428571428571427
        },
        "tv.danmaku.bili.xlsx": [
            2,
            2,
            0,
            2,
            2,
            1,
            0,
            1,
            1,
            1,
            1,
            1,
            0,
            2,
            2,
            1,
            0,
            1,
            1,
            0,
            1,
            0,
            2,
            2,
            2,
            0,
            2,
            2,
            2,
            2,
            2,
            1,
            2,
            2,
            0,
            0,
            2,
            2,
            1,
            2,
            2
        ],
        "tv.danmaku.bili.xlsx_proportions": {
            "0": 0.21951219512195122,
            "1": 0.2926829268292683,
            "2": 0.4878048780487805
        },
        "total_result": [
            0,
            0,
            2,
            1,
            0,
            0,
            2,
            2,
            2,
            0,
            1,
            0,
            0,
            2,
            0,
            2,
            2,
            2,
            2,
            2,
            2,
            2,
            2,
            2,
            1,
            0,
            1,
            2,
            2,
            0,
            2,
            1,
            1,
            0,
            1,
            0,
            0,
            0,
            2,
            2,
            0,
            2,
            1,
            0,
            1,
            2,
            2,
            0,
            2,
            2,
            1,
            0,
            1,
            1,
            1,
            1,
            1,
            0,
            2,
            2,
            1,
            0,
            1,
            1,
            0,
            1,
            0,
            2,
            2,
            2,
            0,
            2,
            2,
            2,
            2,
            2,
            1,
            2,
            2,
            0,
            0,
            2,
            2,
            1,
            2,
            2
        ],
        "proportions": {
            "0": 0.29069767441860467,
            "1": 0.2441860465116279,
            "2": 0.46511627906976744
        }
    },
    "zhang_ren_shan": {
        "com.kugou.android.xlsx": [
            0,
            0,
            2,
            1,
            2,
            0,
            2,
            2,
            2
        ],